ACCTTAACTCATCACAAAGCTCCGAGAGTTTTCCCATTCCCTCCTATAGGCGGCCAGACAAGGATTCGTGGGCTGTGTGATTCACTAATCTAAGCAATAT,TAAGCGCAGGCCTGTCCCTCAAGGAGCTTTTTTGTCGGCTAACAGAATACGGGTCGTACAGCTTTATTGCAGTTCTCATATGCGGGTACGAGTAGCCCTT
GGACTCCTCGGATTGTGACAGTACTAATGTAAGTAAGGGGTGGACTCATGAGGGTGTTGATTAGATATGTGAGTGTCACGATACTGTTTAATACACAGAA,AGGCTCAAGAGTGTGAACATCTTATGAGTCGACCGGAACAAAGCGGTGATTTTGACAGCTTGGCTTCCGCCTGAACCTGGTCAATCAACGTGATCGGTAC
GAATCGACAATATTTCACCGAGCAACGCGCAGATTATGTCGCCGCGGTGTGGCGTACGCCTAAATCAATGTTCTGTCCTTCTTTTCTTTCTTAGGTTCAT,CAGGCTCCAGTATCAAGCCGGACTGACTCTGTTCGGGCTCACGCGGGGCACGACAGCGCCGACGTTTTAGGCTGGCGTGATCGATGTGAAACCCTATCCG
TTGAAACACCACGTCCAGCCCAGCGGTCCAACTTTTCACCAAGGAGTGTTTCTTTATTCAAAAGACAATACGCATGCCTAGTCGACTCTTATAAGCTGAT,CAGAAACGCAGGGGGGACCATAGCTCGGAGATTATTGACTAATTCATATAACCCTGTCCTACTGCCGGCTTCACAAGATATACAGCTACCAAGAGATGTG
AAAGCCGTAAAGGTTAATGGCAAGCCGTTATGAGTTAGACAGCGTGCACGGGACAGGAATGATGATCAGACATTCACCTAATGGAAGGCATCGTGAATCG,AGTGTTCACGAGTGAGTTCGATAAAGCACCTATATTGGCTGGCCCGACACGAGTGCCGGGGCATGTGTAATCCATAACGTGAAGTAGTCGATGGTCCCCC
CCCAGGGGGGCCGCCTTGTTAACATCGGGGTTGTACATTTAATCTTACCGGAGGACCTAAAAATCCACCGTATCCTTAGCACGATCAGCAGAGGCGGTTC,GTAATTGTGTGTACTATGTACCTAAAGCGACGTGTCGTCTGCACATGTCTCACGTAAGGCGCCCTGTTGTTGGCCCGTCGTAGATAACTATTTACTGCGC
TTTTGTAACGTTTATGAATAGTCTAATGATTTGTGACAACCCAGAAAAAGTAGCCCTTATTCACCAGGCATCATCGATAGAGCAGGCAAGAGACAAACCG,GCAGCCTGACGAGGCGAACGGCTTCCAGCCCACCCTCGCCTAAGATGGGTTCTTATTTTCGGCCATAAGACCACCGTGTTTGACTGGCCAGGGGGATTCG
TGGCACATGCCAACGCAACTTCTACCATCTTTGTGAGTCGAAATCGCTTATAGAGAGAACGTCCGAATGATTCTTGGGGGTGCCCGTCCGCTTCGGGCCC,AACCTACTTCTCTATCACGTCAACAATTCATTTAGATGGTAGGTGGTTATGACTTTTCGGCGCGCCGGAATACGGGTACCAAACAGTGAATTGTGCCCGC
GTTTCAGATCGAACCCCGGGGCCGCGAAACACCGGATAAGGAGACCCGGGACGTTATTTGTTGACCATAAAGCGTAATCTCAAACTGTCATTTTAATTAC,GTCAGACTTGGGGAGATCATCCTTCTGCCTGTAAGCCCTCGCGAAGACAGGTCTTACAGAATCCCAAAATTGCTTATCCTCAGTCCGGAAGGTAAACATA
GCGCAACACGGGGATTTACAACAGTGGGTATCTATTGTGGGGCAAGCTCTCCTTGCGCACATTCAACTTGATAAAGATCATTCAAGCCGGCGATAAGCCA,TAACATATGAAGTAGAAGTACGGAGCCAAGGCGTAAGTGCCGGTCGTAACAGCTGGGCCAGTGTAGCGTGCAGGAGCCGCTGTTTCCCGACGCACGCGGC
